{
  "schema": "SteamtekHeroRiggedGLBValidation-1",
  "status": "pass",
  "glb": "C:\\My Game\\Steamtek-RPG\\assets\\characters\\humanoid\\base\\STK_HERO_BaseBody_01\\v01\\rigged\\STK_HERO_BaseBody_01_Rigged_MeshyMotion_v04.glb",
  "armature": "STK_HERO_BaseBody_01_Armature",
  "bones": 24,
  "mesh": "STK_HERO_BaseBody_01_RiggedBody",
  "vertices": 24480,
  "triangles": 31138,
  "materials": [
    "STK_MAT_HERO_BaseBody_01",
    "STK_MAT_HERO_BaseBody_01_Hair"
  ],
  "images": [
    "STK_HERO_BaseBody_01_Baked_BaseColor",
    "STK_HERO_BaseBody_01_Baked_Emit"
  ],
  "actions": [
    "STK_RUN",
    "STK_WALK"
  ],
  "action_samples": {
    "STK_RUN": {
      "frame_start": 0.0,
      "frame_end": 15.0,
      "samples": [
        {
          "frame": 0.0,
          "minimum": [
            -0.33698636293411255,
            -0.4466845691204071,
            -0.010641893371939659
          ],
          "maximum": [
            0.32139313220977783,
            0.44916832447052,
            1.7552517652511597
          ],
          "dimensions": [
            0.6583794951438904,
            0.8958528935909271,
            1.7658936586230993
          ]
        },
        {
          "frame": 3.75,
          "minimum": [
            -0.35108235478401184,
            -0.48332130908966064,
            0.0033144743647426367
          ],
          "maximum": [
            0.2783253788948059,
            0.712680459022522,
            1.7820905447006226
          ],
          "dimensions": [
            0.6294077336788177,
            1.1960017681121826,
            1.77877607033588
          ]
        },
        {
          "frame": 7.5,
          "minimum": [
            -0.29191839694976807,
            -0.4634418785572052,
            -0.026643328368663788
          ],
          "maximum": [
            0.3485446274280548,
            0.5188645720481873,
            1.743122935295105
          ],
          "dimensions": [
            0.6404630243778229,
            0.9823064506053925,
            1.7697662636637688
          ]
        },
        {
          "frame": 11.25,
          "minimum": [
            -0.2506251633167267,
            -0.554757833480835,
            0.01776902750134468
          ],
          "maximum": [
            0.3679409325122833,
            0.7470346689224243,
            1.7950578927993774
          ],
          "dimensions": [
            0.61856609582901,
            1.3017925024032593,
            1.7772888652980328
          ]
        },
        {
          "frame": 15.0,
          "minimum": [
            -0.33473774790763855,
            -0.43500083684921265,
            -0.020969729870557785
          ],
          "maximum": [
            0.3235364258289337,
            0.4104055166244507,
            1.7539794445037842
          ],
          "dimensions": [
            0.6582741737365723,
            0.8454063534736633,
            1.774949174374342
          ]
        }
      ]
    },
    "STK_WALK": {
      "frame_start": 0.0,
      "frame_end": 24.0,
      "samples": [
        {
          "frame": 0.0,
          "minimum": [
            -0.3368659019470215,
            -0.20898562669754028,
            0.00048008188605308533
          ],
          "maximum": [
            0.3451947569847107,
            0.18249741196632385,
            1.844918966293335
          ],
          "dimensions": [
            0.6820606589317322,
            0.39148303866386414,
            1.8444388844072819
          ]
        },
        {
          "frame": 6.0,
          "minimum": [
            -0.34809067845344543,
            -0.5744158029556274,
            0.005022373050451279
          ],
          "maximum": [
            0.30993354320526123,
            0.4703247845172882,
            1.7828928232192993
          ],
          "dimensions": [
            0.6580242216587067,
            1.0447405874729156,
            1.777870450168848
          ]
        },
        {
          "frame": 12.0,
          "minimum": [
            -0.32712507247924805,
            -0.21761411428451538,
            -0.004900524392724037
          ],
          "maximum": [
            0.3586682081222534,
            0.2336437702178955,
            1.82764732837677
          ],
          "dimensions": [
            0.6857932806015015,
            0.4512578845024109,
            1.832547852769494
          ]
        },
        {
          "frame": 18.0,
          "minimum": [
            -0.26658278703689575,
            -0.5836901068687439,
            0.005679812747985125
          ],
          "maximum": [
            0.34609442949295044,
            0.4441829323768616,
            1.783563256263733
          ],
          "dimensions": [
            0.6126772165298462,
            1.0278730392456055,
            1.7778834435157478
          ]
        },
        {
          "frame": 24.0,
          "minimum": [
            -0.34230151772499084,
            -0.23521390557289124,
            -0.003165531437844038
          ],
          "maximum": [
            0.3374330401420593,
            0.2736252248287201,
            1.8346885442733765
          ],
          "dimensions": [
            0.6797345578670502,
            0.5088391304016113,
            1.8378540757112205
          ]
        }
      ]
    }
  }
}